9209944,Ciudad de México
9209944,Benito Juárez
9209944,Alvaro Obregón
9209944,Tlalpan
9209944,Miguel Hidalgo
9209944,Coyoacán
9209944,Iztapalapa
9209944,Gustavo A. Madero
9209944,Cuajimalpa de Morelos
9209944,Azcapotzalco
9209944,La Magdalena Contreras
9209944,Venustiano Carranza
9209944,Xochimilco
9209944,Iztacalco
9209944,Tláhuac
9209944,Centro
1810645,Tijuana
1687549,Ecatepec de Morelos
1643623,San Cristóbal Ecatepec
1579803,León
1542232,Puebla
1501551,Ciudad Juárez
1385621,Guadalajara
1342977,Tlaxcala
1257547,Zapopan
1142952,Monterrey
1072676,Nezahualcóyotl
925762,Chihuahua
921771,Mérida
888797,Cancún
873536,Metepec
864431,Saltillo
863893,Aguascalientes
855563,Hermosillo
854186,Mexicali
845941,San Luis Potosí
808416,Culiacán
794789,Querétaro
776220,Naucalpan de Juárez
743275,Morelia
727750,Tlajomulco de Zúñiga
703215,Chimalhuacán
691557,Reynosa
690193,Torreón
658907,Tlalnepantla de Baz
658609,Acapulco de Juárez
650123,Tlaquepaque
635862,Guadalupe
616068,Durango
607209,Veracruz
578830,Tuxtla Gutiérrez
547503,Tecámac
536436,Apodaca
531041,Cuautitlán Izcalli
524074,Tultitlán
523065,Ciudad López Mateos
523041,Atizapán de Zaragoza
515353,Cuautitlán
510739,Heroica Matamoros
454967,General Escobedo
452090,Irapuato
443063,Xalapa
442440,Tonalá
441975,Mazatlán
416055,Nuevo Laredo
412199,San Nicolás de los Garza
405952,Veracruz
386290,Ojo de Agua
384327,Xico
378476,Cuernavaca
378143,Celaya
371387,Tepic
368585,Ixtapaluca
357998,Gral. Escobedo
351111,Los Cabos
341029,Cuernavaca
340060,Villahermosa
332100,Ciudad Victoria
330652,Ensenada
329404,Ciudad Obregón
323545,Nicolás Romero
310192,Soledad de Graciano Sánchez
308285,Juárez
304942,Playa del Carmen
304052,Santa Catarina
301742,Gómez Palacio
299523,Uruapan
298009,Los Mochis
297848,Pachuca
297373,Tampico
293444,Coacalco de Berriozábal
293825,Tehuacán
293245,San Francisco Coacalco
273417,Salamanca
261137,Heroica Nogales
258913,Oaxaca de Juárez
250141,La Paz
249623,San Francisco de Campeche
242167,Huixquilucan
237169,Monclova
234698,San Pedro Garza García
231668,El Marqués
225728,Chilpancingo de los Bravo
224166,Puerto Vallarta
223876,Toluca
217550,Tapachula
216776,Buenavista
212567,Corregidora
212540,Coatzacoalcos
205933,Ciudad Madero
202749,Mineral de la Reforma
202694,Cabo San Lucas
194500,Guanajuato
193532,Chicoloapan
191238,Ciudad del Carmen
183509,San Cristóbal de las Casas
180057,Poza Rica de Hidalgo
177719,San Juan del Río
176685,San Luis Río Colorado
174704,Chalco de Díaz Covarrubias
174629,Jiutepec
173959,Piedras Negras
170029,Guadalupe
169028,Chetumal
161820,Miramar
160225,Ciudad Acuña
159853,Manzanillo
157998,San Pablo de las Salinas
157336,Cuautla
154546,Zamora
147496,Villa de Alvarez
146965,Colima
143281,Fresnillo
139753,Kanasín
139075,Córdoba
138444,Zacatecas
136351,Ciudad Valles
136285,San José del Cabo
135586,Cuauhtémoc
134948,Naucalpan
134799,Lerma
132854,Iguala
132128,San Pedro Garza García
132011,Veracruz
129032,San Pedro Cholula
128548,Delicias
124209,Bahía de Banderas
120926,Navojoa
120778,Tepexpan
120500,Orizaba
117995,Cuautitlán
117253,Guaymas
115264,El Pueblito
114010,Ramos Arizpe
113843,Hidalgo del Parral
113479,Comitán de Domínguez
111975,Ciudad Guzmán
111815,Cuautlancingo
111569,Lagos de Moreno
111314,Río Bravo
106163,Tulancingo de Bravo
104461,Temixco
103609,San Juan Bautista Tuxtepec
102690,Yautepec
102362,Apatzingán
102260,San Andrés Cholula
101336,Minatitlán
100660,Playas de Rosarito
83485,Emiliano Zapata
69811,San Miguel de Allende
37886,Santiago
29799,Tequisquiapan
22330,Alvarado
17884,Jesús María
9947,Boca del Río